<?xml version="1.0" encoding="UTF-8"?>
<spirit:component xmlns:xilinx="http://www.xilinx.com" xmlns:spirit="http://www.spiritconsortium.org/XMLSchema/SPIRIT/1685-2009" xmlns:xsi="http://www.w3.org/2001/XMLSchema-instance">
  <spirit:vendor>CSE</spirit:vendor>
  <spirit:library>CSE</spirit:library>
  <spirit:name>alu_bd</spirit:name>
  <spirit:version>1.0</spirit:version>
  <spirit:model>
    <spirit:views>
      <spirit:view>
        <spirit:name>xilinx_anylanguagesynthesis</spirit:name>
        <spirit:displayName>Synthesis</spirit:displayName>
        <spirit:envIdentifier>:vivado.xilinx.com:synthesis</spirit:envIdentifier>
        <spirit:language>Verilog</spirit:language>
        <spirit:modelName>alu_bd</spirit:modelName>
        <spirit:fileSetRef>
          <spirit:localName>xilinx_anylanguagesynthesis_CSE_CSE_addsub_1_0__ref_view_fileset</spirit:localName>
        </spirit:fileSetRef>
        <spirit:fileSetRef>
          <spirit:localName>xilinx_anylanguagesynthesis_CSE_CSE_andgate_1_0__ref_view_fileset</spirit:localName>
        </spirit:fileSetRef>
        <spirit:fileSetRef>
          <spirit:localName>xilinx_anylanguagesynthesis_CSE_CSE_input0_1_0__ref_view_fileset</spirit:localName>
        </spirit:fileSetRef>
        <spirit:fileSetRef>
          <spirit:localName>xilinx_anylanguagesynthesis_CSE_CSE_input1_1_0__ref_view_fileset</spirit:localName>
        </spirit:fileSetRef>
        <spirit:fileSetRef>
          <spirit:localName>xilinx_anylanguagesynthesis_CSE_CSE_mux2to1_1_0__ref_view_fileset</spirit:localName>
        </spirit:fileSetRef>
        <spirit:fileSetRef>
          <spirit:localName>xilinx_anylanguagesynthesis_CSE_CSE_my_8mux1_1_0__ref_view_fileset</spirit:localName>
        </spirit:fileSetRef>
        <spirit:fileSetRef>
          <spirit:localName>xilinx_anylanguagesynthesis_CSE_CSE_my_alu_ctr_input_1_0__ref_view_fileset</spirit:localName>
        </spirit:fileSetRef>
        <spirit:fileSetRef>
          <spirit:localName>xilinx_anylanguagesynthesis_CSE_CSE_my_shift_1_0__ref_view_fileset</spirit:localName>
        </spirit:fileSetRef>
        <spirit:fileSetRef>
          <spirit:localName>xilinx_anylanguagesynthesis_CSE_CSE_norgate_1_0__ref_view_fileset</spirit:localName>
        </spirit:fileSetRef>
        <spirit:fileSetRef>
          <spirit:localName>xilinx_anylanguagesynthesis_CSE_CSE_orgate_1_0__ref_view_fileset</spirit:localName>
        </spirit:fileSetRef>
        <spirit:fileSetRef>
          <spirit:localName>xilinx_anylanguagesynthesis_CSE_CSE_xorgate_1_0__ref_view_fileset</spirit:localName>
        </spirit:fileSetRef>
        <spirit:fileSetRef>
          <spirit:localName>xilinx_anylanguagesynthesis_view_fileset</spirit:localName>
        </spirit:fileSetRef>
        <spirit:parameters>
          <spirit:parameter>
            <spirit:name>viewChecksum</spirit:name>
            <spirit:value>21162676</spirit:value>
          </spirit:parameter>
        </spirit:parameters>
      </spirit:view>
      <spirit:view>
        <spirit:name>xilinx_anylanguagebehavioralsimulation</spirit:name>
        <spirit:displayName>Simulation</spirit:displayName>
        <spirit:envIdentifier>:vivado.xilinx.com:simulation</spirit:envIdentifier>
        <spirit:language>Verilog</spirit:language>
        <spirit:modelName>alu_bd</spirit:modelName>
        <spirit:fileSetRef>
          <spirit:localName>xilinx_anylanguagebehavioralsimulation_CSE_CSE_addsub_1_0__ref_view_fileset</spirit:localName>
        </spirit:fileSetRef>
        <spirit:fileSetRef>
          <spirit:localName>xilinx_anylanguagebehavioralsimulation_CSE_CSE_andgate_1_0__ref_view_fileset</spirit:localName>
        </spirit:fileSetRef>
        <spirit:fileSetRef>
          <spirit:localName>xilinx_anylanguagebehavioralsimulation_CSE_CSE_input0_1_0__ref_view_fileset</spirit:localName>
        </spirit:fileSetRef>
        <spirit:fileSetRef>
          <spirit:localName>xilinx_anylanguagebehavioralsimulation_CSE_CSE_input1_1_0__ref_view_fileset</spirit:localName>
        </spirit:fileSetRef>
        <spirit:fileSetRef>
          <spirit:localName>xilinx_anylanguagebehavioralsimulation_CSE_CSE_mux2to1_1_0__ref_view_fileset</spirit:localName>
        </spirit:fileSetRef>
        <spirit:fileSetRef>
          <spirit:localName>xilinx_anylanguagebehavioralsimulation_CSE_CSE_my_8mux1_1_0__ref_view_fileset</spirit:localName>
        </spirit:fileSetRef>
        <spirit:fileSetRef>
          <spirit:localName>xilinx_anylanguagebehavioralsimulation_CSE_CSE_my_alu_ctr_input_1_0__ref_view_fileset</spirit:localName>
        </spirit:fileSetRef>
        <spirit:fileSetRef>
          <spirit:localName>xilinx_anylanguagebehavioralsimulation_CSE_CSE_my_shift_1_0__ref_view_fileset</spirit:localName>
        </spirit:fileSetRef>
        <spirit:fileSetRef>
          <spirit:localName>xilinx_anylanguagebehavioralsimulation_CSE_CSE_norgate_1_0__ref_view_fileset</spirit:localName>
        </spirit:fileSetRef>
        <spirit:fileSetRef>
          <spirit:localName>xilinx_anylanguagebehavioralsimulation_CSE_CSE_orgate_1_0__ref_view_fileset</spirit:localName>
        </spirit:fileSetRef>
        <spirit:fileSetRef>
          <spirit:localName>xilinx_anylanguagebehavioralsimulation_CSE_CSE_xorgate_1_0__ref_view_fileset</spirit:localName>
        </spirit:fileSetRef>
        <spirit:fileSetRef>
          <spirit:localName>xilinx_anylanguagebehavioralsimulation_view_fileset</spirit:localName>
        </spirit:fileSetRef>
        <spirit:parameters>
          <spirit:parameter>
            <spirit:name>viewChecksum</spirit:name>
            <spirit:value>5615a9e8</spirit:value>
          </spirit:parameter>
        </spirit:parameters>
      </spirit:view>
      <spirit:view>
        <spirit:name>xilinx_xpgui</spirit:name>
        <spirit:displayName>UI Layout</spirit:displayName>
        <spirit:envIdentifier>:vivado.xilinx.com:xgui.ui</spirit:envIdentifier>
        <spirit:fileSetRef>
          <spirit:localName>xilinx_xpgui_view_fileset</spirit:localName>
        </spirit:fileSetRef>
        <spirit:parameters>
          <spirit:parameter>
            <spirit:name>viewChecksum</spirit:name>
            <spirit:value>f92e9879</spirit:value>
          </spirit:parameter>
        </spirit:parameters>
      </spirit:view>
    </spirit:views>
    <spirit:ports>
      <spirit:port>
        <spirit:name>A</spirit:name>
        <spirit:wire>
          <spirit:direction>in</spirit:direction>
          <spirit:vector>
            <spirit:left spirit:format="long">31</spirit:left>
            <spirit:right spirit:format="long">0</spirit:right>
          </spirit:vector>
          <spirit:wireTypeDefs>
            <spirit:wireTypeDef>
              <spirit:typeName>std_logic_vector</spirit:typeName>
              <spirit:viewNameRef>xilinx_anylanguagesynthesis</spirit:viewNameRef>
              <spirit:viewNameRef>xilinx_anylanguagebehavioralsimulation</spirit:viewNameRef>
            </spirit:wireTypeDef>
          </spirit:wireTypeDefs>
        </spirit:wire>
      </spirit:port>
      <spirit:port>
        <spirit:name>ALUctr</spirit:name>
        <spirit:wire>
          <spirit:direction>in</spirit:direction>
          <spirit:vector>
            <spirit:left spirit:format="long">3</spirit:left>
            <spirit:right spirit:format="long">0</spirit:right>
          </spirit:vector>
          <spirit:wireTypeDefs>
            <spirit:wireTypeDef>
              <spirit:typeName>std_logic_vector</spirit:typeName>
              <spirit:viewNameRef>xilinx_anylanguagesynthesis</spirit:viewNameRef>
              <spirit:viewNameRef>xilinx_anylanguagebehavioralsimulation</spirit:viewNameRef>
            </spirit:wireTypeDef>
          </spirit:wireTypeDefs>
        </spirit:wire>
      </spirit:port>
      <spirit:port>
        <spirit:name>B</spirit:name>
        <spirit:wire>
          <spirit:direction>in</spirit:direction>
          <spirit:vector>
            <spirit:left spirit:format="long">31</spirit:left>
            <spirit:right spirit:format="long">0</spirit:right>
          </spirit:vector>
          <spirit:wireTypeDefs>
            <spirit:wireTypeDef>
              <spirit:typeName>std_logic_vector</spirit:typeName>
              <spirit:viewNameRef>xilinx_anylanguagesynthesis</spirit:viewNameRef>
              <spirit:viewNameRef>xilinx_anylanguagebehavioralsimulation</spirit:viewNameRef>
            </spirit:wireTypeDef>
          </spirit:wireTypeDefs>
        </spirit:wire>
      </spirit:port>
      <spirit:port>
        <spirit:name>Overflow</spirit:name>
        <spirit:wire>
          <spirit:direction>out</spirit:direction>
          <spirit:vector>
            <spirit:left spirit:format="long">0</spirit:left>
            <spirit:right spirit:format="long">0</spirit:right>
          </spirit:vector>
          <spirit:wireTypeDefs>
            <spirit:wireTypeDef>
              <spirit:typeName>std_logic_vector</spirit:typeName>
              <spirit:viewNameRef>xilinx_anylanguagesynthesis</spirit:viewNameRef>
              <spirit:viewNameRef>xilinx_anylanguagebehavioralsimulation</spirit:viewNameRef>
            </spirit:wireTypeDef>
          </spirit:wireTypeDefs>
        </spirit:wire>
      </spirit:port>
      <spirit:port>
        <spirit:name>Result</spirit:name>
        <spirit:wire>
          <spirit:direction>out</spirit:direction>
          <spirit:vector>
            <spirit:left spirit:format="long">31</spirit:left>
            <spirit:right spirit:format="long">0</spirit:right>
          </spirit:vector>
          <spirit:wireTypeDefs>
            <spirit:wireTypeDef>
              <spirit:typeName>std_logic_vector</spirit:typeName>
              <spirit:viewNameRef>xilinx_anylanguagesynthesis</spirit:viewNameRef>
              <spirit:viewNameRef>xilinx_anylanguagebehavioralsimulation</spirit:viewNameRef>
            </spirit:wireTypeDef>
          </spirit:wireTypeDefs>
        </spirit:wire>
      </spirit:port>
      <spirit:port>
        <spirit:name>Zero</spirit:name>
        <spirit:wire>
          <spirit:direction>out</spirit:direction>
          <spirit:wireTypeDefs>
            <spirit:wireTypeDef>
              <spirit:typeName>std_logic</spirit:typeName>
              <spirit:viewNameRef>xilinx_anylanguagesynthesis</spirit:viewNameRef>
              <spirit:viewNameRef>xilinx_anylanguagebehavioralsimulation</spirit:viewNameRef>
            </spirit:wireTypeDef>
          </spirit:wireTypeDefs>
        </spirit:wire>
      </spirit:port>
    </spirit:ports>
  </spirit:model>
  <spirit:fileSets>
    <spirit:fileSet>
      <spirit:name>xilinx_anylanguagesynthesis_view_fileset</spirit:name>
      <spirit:file>
        <spirit:name>src/alu_bd_addsub_0_0/alu_bd_addsub_0_0.xci</spirit:name>
        <spirit:userFileType>xci</spirit:userFileType>
        <spirit:userFileType>IMPORTED_FILE</spirit:userFileType>
        <spirit:userFileType>CELL_NAME_addsub_0</spirit:userFileType>
        <spirit:define>
          <spirit:name>processing_order</spirit:name>
          <spirit:value>early</spirit:value>
        </spirit:define>
      </spirit:file>
      <spirit:file>
        <spirit:name>src/alu_bd_andgate_0_0/alu_bd_andgate_0_0.xci</spirit:name>
        <spirit:userFileType>xci</spirit:userFileType>
        <spirit:userFileType>IMPORTED_FILE</spirit:userFileType>
        <spirit:userFileType>CELL_NAME_andgate_0</spirit:userFileType>
        <spirit:define>
          <spirit:name>processing_order</spirit:name>
          <spirit:value>early</spirit:value>
        </spirit:define>
      </spirit:file>
      <spirit:file>
        <spirit:name>src/alu_bd_andgate_1_0/alu_bd_andgate_1_0.xci</spirit:name>
        <spirit:userFileType>xci</spirit:userFileType>
        <spirit:userFileType>IMPORTED_FILE</spirit:userFileType>
        <spirit:userFileType>CELL_NAME_andgate_1</spirit:userFileType>
        <spirit:define>
          <spirit:name>processing_order</spirit:name>
          <spirit:value>early</spirit:value>
        </spirit:define>
      </spirit:file>
      <spirit:file>
        <spirit:name>src/alu_bd_input0_1_0/alu_bd_input0_1_0.xci</spirit:name>
        <spirit:userFileType>xci</spirit:userFileType>
        <spirit:userFileType>IMPORTED_FILE</spirit:userFileType>
        <spirit:userFileType>CELL_NAME_input0_1</spirit:userFileType>
        <spirit:define>
          <spirit:name>processing_order</spirit:name>
          <spirit:value>early</spirit:value>
        </spirit:define>
      </spirit:file>
      <spirit:file>
        <spirit:name>src/alu_bd_input1_1_0/alu_bd_input1_1_0.xci</spirit:name>
        <spirit:userFileType>xci</spirit:userFileType>
        <spirit:userFileType>IMPORTED_FILE</spirit:userFileType>
        <spirit:userFileType>CELL_NAME_input1_1</spirit:userFileType>
        <spirit:define>
          <spirit:name>processing_order</spirit:name>
          <spirit:value>early</spirit:value>
        </spirit:define>
      </spirit:file>
      <spirit:file>
        <spirit:name>src/alu_bd_mux2to1_0_0/alu_bd_mux2to1_0_0.xci</spirit:name>
        <spirit:userFileType>xci</spirit:userFileType>
        <spirit:userFileType>IMPORTED_FILE</spirit:userFileType>
        <spirit:userFileType>CELL_NAME_mux2to1_0</spirit:userFileType>
        <spirit:define>
          <spirit:name>processing_order</spirit:name>
          <spirit:value>early</spirit:value>
        </spirit:define>
      </spirit:file>
      <spirit:file>
        <spirit:name>src/alu_bd_mux2to1_1_0/alu_bd_mux2to1_1_0.xci</spirit:name>
        <spirit:userFileType>xci</spirit:userFileType>
        <spirit:userFileType>IMPORTED_FILE</spirit:userFileType>
        <spirit:userFileType>CELL_NAME_mux2to1_1</spirit:userFileType>
        <spirit:define>
          <spirit:name>processing_order</spirit:name>
          <spirit:value>early</spirit:value>
        </spirit:define>
      </spirit:file>
      <spirit:file>
        <spirit:name>src/alu_bd_my_8mux1_1_0/alu_bd_my_8mux1_1_0.xci</spirit:name>
        <spirit:userFileType>xci</spirit:userFileType>
        <spirit:userFileType>IMPORTED_FILE</spirit:userFileType>
        <spirit:userFileType>CELL_NAME_my_8mux1_1</spirit:userFileType>
        <spirit:define>
          <spirit:name>processing_order</spirit:name>
          <spirit:value>early</spirit:value>
        </spirit:define>
      </spirit:file>
      <spirit:file>
        <spirit:name>src/alu_bd_my_alu_ctr_input_0_0/alu_bd_my_alu_ctr_input_0_0.xci</spirit:name>
        <spirit:userFileType>xci</spirit:userFileType>
        <spirit:userFileType>IMPORTED_FILE</spirit:userFileType>
        <spirit:userFileType>CELL_NAME_my_alu_ctr_input_0</spirit:userFileType>
        <spirit:define>
          <spirit:name>processing_order</spirit:name>
          <spirit:value>early</spirit:value>
        </spirit:define>
      </spirit:file>
      <spirit:file>
        <spirit:name>src/alu_bd_my_shift_0_0/alu_bd_my_shift_0_0.xci</spirit:name>
        <spirit:userFileType>xci</spirit:userFileType>
        <spirit:userFileType>IMPORTED_FILE</spirit:userFileType>
        <spirit:userFileType>CELL_NAME_my_shift_0</spirit:userFileType>
        <spirit:define>
          <spirit:name>processing_order</spirit:name>
          <spirit:value>early</spirit:value>
        </spirit:define>
      </spirit:file>
      <spirit:file>
        <spirit:name>src/alu_bd_norgate_0_0/alu_bd_norgate_0_0.xci</spirit:name>
        <spirit:userFileType>xci</spirit:userFileType>
        <spirit:userFileType>IMPORTED_FILE</spirit:userFileType>
        <spirit:userFileType>CELL_NAME_norgate_0</spirit:userFileType>
        <spirit:define>
          <spirit:name>processing_order</spirit:name>
          <spirit:value>early</spirit:value>
        </spirit:define>
      </spirit:file>
      <spirit:file>
        <spirit:name>src/alu_bd_orgate_0_0/alu_bd_orgate_0_0.xci</spirit:name>
        <spirit:userFileType>xci</spirit:userFileType>
        <spirit:userFileType>IMPORTED_FILE</spirit:userFileType>
        <spirit:userFileType>CELL_NAME_orgate_0</spirit:userFileType>
        <spirit:define>
          <spirit:name>processing_order</spirit:name>
          <spirit:value>early</spirit:value>
        </spirit:define>
      </spirit:file>
      <spirit:file>
        <spirit:name>src/alu_bd_xorgate_0_0/alu_bd_xorgate_0_0.xci</spirit:name>
        <spirit:userFileType>xci</spirit:userFileType>
        <spirit:userFileType>IMPORTED_FILE</spirit:userFileType>
        <spirit:userFileType>CELL_NAME_xorgate_0</spirit:userFileType>
        <spirit:define>
          <spirit:name>processing_order</spirit:name>
          <spirit:value>early</spirit:value>
        </spirit:define>
      </spirit:file>
      <spirit:file>
        <spirit:name>src/alu_bd_xorgate_1_0/alu_bd_xorgate_1_0.xci</spirit:name>
        <spirit:userFileType>xci</spirit:userFileType>
        <spirit:userFileType>IMPORTED_FILE</spirit:userFileType>
        <spirit:userFileType>CELL_NAME_xorgate_1</spirit:userFileType>
        <spirit:define>
          <spirit:name>processing_order</spirit:name>
          <spirit:value>early</spirit:value>
        </spirit:define>
      </spirit:file>
      <spirit:file>
        <spirit:name>src/alu_bd_ooc.xdc</spirit:name>
        <spirit:userFileType>xdc</spirit:userFileType>
        <spirit:userFileType>IMPORTED_FILE</spirit:userFileType>
        <spirit:userFileType>SCOPED_TO_REF_alu_bd</spirit:userFileType>
        <spirit:userFileType>USED_IN_implementation</spirit:userFileType>
        <spirit:userFileType>USED_IN_out_of_context</spirit:userFileType>
        <spirit:userFileType>USED_IN_synthesis</spirit:userFileType>
        <spirit:define>
          <spirit:name>processing_order</spirit:name>
          <spirit:value>early</spirit:value>
        </spirit:define>
      </spirit:file>
      <spirit:file>
        <spirit:name>src/alu_bd.hwdef</spirit:name>
        <spirit:userFileType>hwdef</spirit:userFileType>
        <spirit:userFileType>IMPORTED_FILE</spirit:userFileType>
        <spirit:userFileType>USED_IN_hw_handoff</spirit:userFileType>
        <spirit:define>
          <spirit:name>processing_order</spirit:name>
          <spirit:value>early</spirit:value>
        </spirit:define>
      </spirit:file>
      <spirit:file>
        <spirit:name>src/alu_bd.v</spirit:name>
        <spirit:fileType>verilogSource</spirit:fileType>
        <spirit:userFileType>CHECKSUM_222bc1bd</spirit:userFileType>
        <spirit:userFileType>IMPORTED_FILE</spirit:userFileType>
        <spirit:define>
          <spirit:name>processing_order</spirit:name>
          <spirit:value>early</spirit:value>
        </spirit:define>
      </spirit:file>
    </spirit:fileSet>
    <spirit:fileSet>
      <spirit:name>xilinx_anylanguagesynthesis_CSE_CSE_addsub_1_0__ref_view_fileset</spirit:name>
      <spirit:vendorExtensions>
        <xilinx:subCoreRef>
          <xilinx:componentRef xsi:type="xilinx:componentRefType" xilinx:vendor="CSE" xilinx:library="CSE" xilinx:name="addsub" xilinx:version="1.0">
            <xilinx:mode xilinx:name="create_mode"/>
          </xilinx:componentRef>
        </xilinx:subCoreRef>
      </spirit:vendorExtensions>
    </spirit:fileSet>
    <spirit:fileSet>
      <spirit:name>xilinx_anylanguagesynthesis_CSE_CSE_andgate_1_0__ref_view_fileset</spirit:name>
      <spirit:vendorExtensions>
        <xilinx:subCoreRef>
          <xilinx:componentRef xilinx:vendor="CSE" xilinx:library="CSE" xilinx:name="andgate" xilinx:version="1.0">
            <xilinx:mode xilinx:name="create_mode"/>
          </xilinx:componentRef>
        </xilinx:subCoreRef>
      </spirit:vendorExtensions>
    </spirit:fileSet>
    <spirit:fileSet>
      <spirit:name>xilinx_anylanguagesynthesis_CSE_CSE_input0_1_0__ref_view_fileset</spirit:name>
      <spirit:vendorExtensions>
        <xilinx:subCoreRef>
          <xilinx:componentRef xilinx:vendor="CSE" xilinx:library="CSE" xilinx:name="input0" xilinx:version="1.0">
            <xilinx:mode xilinx:name="create_mode"/>
          </xilinx:componentRef>
        </xilinx:subCoreRef>
      </spirit:vendorExtensions>
    </spirit:fileSet>
    <spirit:fileSet>
      <spirit:name>xilinx_anylanguagesynthesis_CSE_CSE_input1_1_0__ref_view_fileset</spirit:name>
      <spirit:vendorExtensions>
        <xilinx:subCoreRef>
          <xilinx:componentRef xilinx:vendor="CSE" xilinx:library="CSE" xilinx:name="input1" xilinx:version="1.0">
            <xilinx:mode xilinx:name="create_mode"/>
          </xilinx:componentRef>
        </xilinx:subCoreRef>
      </spirit:vendorExtensions>
    </spirit:fileSet>
    <spirit:fileSet>
      <spirit:name>xilinx_anylanguagesynthesis_CSE_CSE_mux2to1_1_0__ref_view_fileset</spirit:name>
      <spirit:vendorExtensions>
        <xilinx:subCoreRef>
          <xilinx:componentRef xilinx:vendor="CSE" xilinx:library="CSE" xilinx:name="mux2to1" xilinx:version="1.0">
            <xilinx:mode xilinx:name="create_mode"/>
          </xilinx:componentRef>
        </xilinx:subCoreRef>
      </spirit:vendorExtensions>
    </spirit:fileSet>
    <spirit:fileSet>
      <spirit:name>xilinx_anylanguagesynthesis_CSE_CSE_my_8mux1_1_0__ref_view_fileset</spirit:name>
      <spirit:vendorExtensions>
        <xilinx:subCoreRef>
          <xilinx:componentRef xilinx:vendor="CSE" xilinx:library="CSE" xilinx:name="my_8mux1" xilinx:version="1.0">
            <xilinx:mode xilinx:name="create_mode"/>
          </xilinx:componentRef>
        </xilinx:subCoreRef>
      </spirit:vendorExtensions>
    </spirit:fileSet>
    <spirit:fileSet>
      <spirit:name>xilinx_anylanguagesynthesis_CSE_CSE_my_alu_ctr_input_1_0__ref_view_fileset</spirit:name>
      <spirit:vendorExtensions>
        <xilinx:subCoreRef>
          <xilinx:componentRef xilinx:vendor="CSE" xilinx:library="CSE" xilinx:name="my_alu_ctr_input" xilinx:version="1.0">
            <xilinx:mode xilinx:name="create_mode"/>
          </xilinx:componentRef>
        </xilinx:subCoreRef>
      </spirit:vendorExtensions>
    </spirit:fileSet>
    <spirit:fileSet>
      <spirit:name>xilinx_anylanguagesynthesis_CSE_CSE_my_shift_1_0__ref_view_fileset</spirit:name>
      <spirit:vendorExtensions>
        <xilinx:subCoreRef>
          <xilinx:componentRef xilinx:vendor="CSE" xilinx:library="CSE" xilinx:name="my_shift" xilinx:version="1.0">
            <xilinx:mode xilinx:name="create_mode"/>
          </xilinx:componentRef>
        </xilinx:subCoreRef>
      </spirit:vendorExtensions>
    </spirit:fileSet>
    <spirit:fileSet>
      <spirit:name>xilinx_anylanguagesynthesis_CSE_CSE_norgate_1_0__ref_view_fileset</spirit:name>
      <spirit:vendorExtensions>
        <xilinx:subCoreRef>
          <xilinx:componentRef xilinx:vendor="CSE" xilinx:library="CSE" xilinx:name="norgate" xilinx:version="1.0">
            <xilinx:mode xilinx:name="create_mode"/>
          </xilinx:componentRef>
        </xilinx:subCoreRef>
      </spirit:vendorExtensions>
    </spirit:fileSet>
    <spirit:fileSet>
      <spirit:name>xilinx_anylanguagesynthesis_CSE_CSE_orgate_1_0__ref_view_fileset</spirit:name>
      <spirit:vendorExtensions>
        <xilinx:subCoreRef>
          <xilinx:componentRef xilinx:vendor="CSE" xilinx:library="CSE" xilinx:name="orgate" xilinx:version="1.0">
            <xilinx:mode xilinx:name="create_mode"/>
          </xilinx:componentRef>
        </xilinx:subCoreRef>
      </spirit:vendorExtensions>
    </spirit:fileSet>
    <spirit:fileSet>
      <spirit:name>xilinx_anylanguagesynthesis_CSE_CSE_xorgate_1_0__ref_view_fileset</spirit:name>
      <spirit:vendorExtensions>
        <xilinx:subCoreRef>
          <xilinx:componentRef xilinx:vendor="CSE" xilinx:library="CSE" xilinx:name="xorgate" xilinx:version="1.0">
            <xilinx:mode xilinx:name="create_mode"/>
          </xilinx:componentRef>
        </xilinx:subCoreRef>
      </spirit:vendorExtensions>
    </spirit:fileSet>
    <spirit:fileSet>
      <spirit:name>xilinx_anylanguagebehavioralsimulation_view_fileset</spirit:name>
      <spirit:file>
        <spirit:name>src/alu_bd_addsub_0_0/alu_bd_addsub_0_0.xci</spirit:name>
        <spirit:userFileType>xci</spirit:userFileType>
        <spirit:userFileType>IMPORTED_FILE</spirit:userFileType>
        <spirit:userFileType>CELL_NAME_addsub_0</spirit:userFileType>
        <spirit:define>
          <spirit:name>processing_order</spirit:name>
          <spirit:value>early</spirit:value>
        </spirit:define>
      </spirit:file>
      <spirit:file>
        <spirit:name>src/alu_bd_andgate_0_0/alu_bd_andgate_0_0.xci</spirit:name>
        <spirit:userFileType>xci</spirit:userFileType>
        <spirit:userFileType>IMPORTED_FILE</spirit:userFileType>
        <spirit:userFileType>CELL_NAME_andgate_0</spirit:userFileType>
        <spirit:define>
          <spirit:name>processing_order</spirit:name>
          <spirit:value>early</spirit:value>
        </spirit:define>
      </spirit:file>
      <spirit:file>
        <spirit:name>src/alu_bd_andgate_1_0/alu_bd_andgate_1_0.xci</spirit:name>
        <spirit:userFileType>xci</spirit:userFileType>
        <spirit:userFileType>IMPORTED_FILE</spirit:userFileType>
        <spirit:userFileType>CELL_NAME_andgate_1</spirit:userFileType>
        <spirit:define>
          <spirit:name>processing_order</spirit:name>
          <spirit:value>early</spirit:value>
        </spirit:define>
      </spirit:file>
      <spirit:file>
        <spirit:name>src/alu_bd_input0_1_0/alu_bd_input0_1_0.xci</spirit:name>
        <spirit:userFileType>xci</spirit:userFileType>
        <spirit:userFileType>IMPORTED_FILE</spirit:userFileType>
        <spirit:userFileType>CELL_NAME_input0_1</spirit:userFileType>
        <spirit:define>
          <spirit:name>processing_order</spirit:name>
          <spirit:value>early</spirit:value>
        </spirit:define>
      </spirit:file>
      <spirit:file>
        <spirit:name>src/alu_bd_input1_1_0/alu_bd_input1_1_0.xci</spirit:name>
        <spirit:userFileType>xci</spirit:userFileType>
        <spirit:userFileType>IMPORTED_FILE</spirit:userFileType>
        <spirit:userFileType>CELL_NAME_input1_1</spirit:userFileType>
        <spirit:define>
          <spirit:name>processing_order</spirit:name>
          <spirit:value>early</spirit:value>
        </spirit:define>
      </spirit:file>
      <spirit:file>
        <spirit:name>src/alu_bd_mux2to1_0_0/alu_bd_mux2to1_0_0.xci</spirit:name>
        <spirit:userFileType>xci</spirit:userFileType>
        <spirit:userFileType>IMPORTED_FILE</spirit:userFileType>
        <spirit:userFileType>CELL_NAME_mux2to1_0</spirit:userFileType>
        <spirit:define>
          <spirit:name>processing_order</spirit:name>
          <spirit:value>early</spirit:value>
        </spirit:define>
      </spirit:file>
      <spirit:file>
        <spirit:name>src/alu_bd_mux2to1_1_0/alu_bd_mux2to1_1_0.xci</spirit:name>
        <spirit:userFileType>xci</spirit:userFileType>
        <spirit:userFileType>IMPORTED_FILE</spirit:userFileType>
        <spirit:userFileType>CELL_NAME_mux2to1_1</spirit:userFileType>
        <spirit:define>
          <spirit:name>processing_order</spirit:name>
          <spirit:value>early</spirit:value>
        </spirit:define>
      </spirit:file>
      <spirit:file>
        <spirit:name>src/alu_bd_my_8mux1_1_0/alu_bd_my_8mux1_1_0.xci</spirit:name>
        <spirit:userFileType>xci</spirit:userFileType>
        <spirit:userFileType>IMPORTED_FILE</spirit:userFileType>
        <spirit:userFileType>CELL_NAME_my_8mux1_1</spirit:userFileType>
        <spirit:define>
          <spirit:name>processing_order</spirit:name>
          <spirit:value>early</spirit:value>
        </spirit:define>
      </spirit:file>
      <spirit:file>
        <spirit:name>src/alu_bd_my_alu_ctr_input_0_0/alu_bd_my_alu_ctr_input_0_0.xci</spirit:name>
        <spirit:userFileType>xci</spirit:userFileType>
        <spirit:userFileType>IMPORTED_FILE</spirit:userFileType>
        <spirit:userFileType>CELL_NAME_my_alu_ctr_input_0</spirit:userFileType>
        <spirit:define>
          <spirit:name>processing_order</spirit:name>
          <spirit:value>early</spirit:value>
        </spirit:define>
      </spirit:file>
      <spirit:file>
        <spirit:name>src/alu_bd_my_shift_0_0/alu_bd_my_shift_0_0.xci</spirit:name>
        <spirit:userFileType>xci</spirit:userFileType>
        <spirit:userFileType>IMPORTED_FILE</spirit:userFileType>
        <spirit:userFileType>CELL_NAME_my_shift_0</spirit:userFileType>
        <spirit:define>
          <spirit:name>processing_order</spirit:name>
          <spirit:value>early</spirit:value>
        </spirit:define>
      </spirit:file>
      <spirit:file>
        <spirit:name>src/alu_bd_norgate_0_0/alu_bd_norgate_0_0.xci</spirit:name>
        <spirit:userFileType>xci</spirit:userFileType>
        <spirit:userFileType>IMPORTED_FILE</spirit:userFileType>
        <spirit:userFileType>CELL_NAME_norgate_0</spirit:userFileType>
        <spirit:define>
          <spirit:name>processing_order</spirit:name>
          <spirit:value>early</spirit:value>
        </spirit:define>
      </spirit:file>
      <spirit:file>
        <spirit:name>src/alu_bd_orgate_0_0/alu_bd_orgate_0_0.xci</spirit:name>
        <spirit:userFileType>xci</spirit:userFileType>
        <spirit:userFileType>IMPORTED_FILE</spirit:userFileType>
        <spirit:userFileType>CELL_NAME_orgate_0</spirit:userFileType>
        <spirit:define>
          <spirit:name>processing_order</spirit:name>
          <spirit:value>early</spirit:value>
        </spirit:define>
      </spirit:file>
      <spirit:file>
        <spirit:name>src/alu_bd_xorgate_0_0/alu_bd_xorgate_0_0.xci</spirit:name>
        <spirit:userFileType>xci</spirit:userFileType>
        <spirit:userFileType>IMPORTED_FILE</spirit:userFileType>
        <spirit:userFileType>CELL_NAME_xorgate_0</spirit:userFileType>
        <spirit:define>
          <spirit:name>processing_order</spirit:name>
          <spirit:value>early</spirit:value>
        </spirit:define>
      </spirit:file>
      <spirit:file>
        <spirit:name>src/alu_bd_xorgate_1_0/alu_bd_xorgate_1_0.xci</spirit:name>
        <spirit:userFileType>xci</spirit:userFileType>
        <spirit:userFileType>IMPORTED_FILE</spirit:userFileType>
        <spirit:userFileType>CELL_NAME_xorgate_1</spirit:userFileType>
        <spirit:define>
          <spirit:name>processing_order</spirit:name>
          <spirit:value>early</spirit:value>
        </spirit:define>
      </spirit:file>
      <spirit:file>
        <spirit:name>src/alu_bd.hwdef</spirit:name>
        <spirit:userFileType>hwdef</spirit:userFileType>
        <spirit:userFileType>IMPORTED_FILE</spirit:userFileType>
        <spirit:define>
          <spirit:name>processing_order</spirit:name>
          <spirit:value>early</spirit:value>
        </spirit:define>
      </spirit:file>
      <spirit:file>
        <spirit:name>src/alu_bd.v</spirit:name>
        <spirit:fileType>verilogSource</spirit:fileType>
        <spirit:userFileType>IMPORTED_FILE</spirit:userFileType>
        <spirit:define>
          <spirit:name>processing_order</spirit:name>
          <spirit:value>early</spirit:value>
        </spirit:define>
      </spirit:file>
    </spirit:fileSet>
    <spirit:fileSet>
      <spirit:name>xilinx_anylanguagebehavioralsimulation_CSE_CSE_addsub_1_0__ref_view_fileset</spirit:name>
      <spirit:vendorExtensions>
        <xilinx:subCoreRef>
          <xilinx:componentRef xsi:type="xilinx:componentRefType" xilinx:vendor="CSE" xilinx:library="CSE" xilinx:name="addsub" xilinx:version="1.0">
            <xilinx:mode xilinx:name="create_mode"/>
          </xilinx:componentRef>
        </xilinx:subCoreRef>
      </spirit:vendorExtensions>
    </spirit:fileSet>
    <spirit:fileSet>
      <spirit:name>xilinx_anylanguagebehavioralsimulation_CSE_CSE_andgate_1_0__ref_view_fileset</spirit:name>
      <spirit:vendorExtensions>
        <xilinx:subCoreRef>
          <xilinx:componentRef xilinx:vendor="CSE" xilinx:library="CSE" xilinx:name="andgate" xilinx:version="1.0">
            <xilinx:mode xilinx:name="create_mode"/>
          </xilinx:componentRef>
        </xilinx:subCoreRef>
      </spirit:vendorExtensions>
    </spirit:fileSet>
    <spirit:fileSet>
      <spirit:name>xilinx_anylanguagebehavioralsimulation_CSE_CSE_input0_1_0__ref_view_fileset</spirit:name>
      <spirit:vendorExtensions>
        <xilinx:subCoreRef>
          <xilinx:componentRef xilinx:vendor="CSE" xilinx:library="CSE" xilinx:name="input0" xilinx:version="1.0">
            <xilinx:mode xilinx:name="create_mode"/>
          </xilinx:componentRef>
        </xilinx:subCoreRef>
      </spirit:vendorExtensions>
    </spirit:fileSet>
    <spirit:fileSet>
      <spirit:name>xilinx_anylanguagebehavioralsimulation_CSE_CSE_input1_1_0__ref_view_fileset</spirit:name>
      <spirit:vendorExtensions>
        <xilinx:subCoreRef>
          <xilinx:componentRef xilinx:vendor="CSE" xilinx:library="CSE" xilinx:name="input1" xilinx:version="1.0">
            <xilinx:mode xilinx:name="create_mode"/>
          </xilinx:componentRef>
        </xilinx:subCoreRef>
      </spirit:vendorExtensions>
    </spirit:fileSet>
    <spirit:fileSet>
      <spirit:name>xilinx_anylanguagebehavioralsimulation_CSE_CSE_mux2to1_1_0__ref_view_fileset</spirit:name>
      <spirit:vendorExtensions>
        <xilinx:subCoreRef>
          <xilinx:componentRef xilinx:vendor="CSE" xilinx:library="CSE" xilinx:name="mux2to1" xilinx:version="1.0">
            <xilinx:mode xilinx:name="create_mode"/>
          </xilinx:componentRef>
        </xilinx:subCoreRef>
      </spirit:vendorExtensions>
    </spirit:fileSet>
    <spirit:fileSet>
      <spirit:name>xilinx_anylanguagebehavioralsimulation_CSE_CSE_my_8mux1_1_0__ref_view_fileset</spirit:name>
      <spirit:vendorExtensions>
        <xilinx:subCoreRef>
          <xilinx:componentRef xilinx:vendor="CSE" xilinx:library="CSE" xilinx:name="my_8mux1" xilinx:version="1.0">
            <xilinx:mode xilinx:name="create_mode"/>
          </xilinx:componentRef>
        </xilinx:subCoreRef>
      </spirit:vendorExtensions>
    </spirit:fileSet>
    <spirit:fileSet>
      <spirit:name>xilinx_anylanguagebehavioralsimulation_CSE_CSE_my_alu_ctr_input_1_0__ref_view_fileset</spirit:name>
      <spirit:vendorExtensions>
        <xilinx:subCoreRef>
          <xilinx:componentRef xilinx:vendor="CSE" xilinx:library="CSE" xilinx:name="my_alu_ctr_input" xilinx:version="1.0">
            <xilinx:mode xilinx:name="create_mode"/>
          </xilinx:componentRef>
        </xilinx:subCoreRef>
      </spirit:vendorExtensions>
    </spirit:fileSet>
    <spirit:fileSet>
      <spirit:name>xilinx_anylanguagebehavioralsimulation_CSE_CSE_my_shift_1_0__ref_view_fileset</spirit:name>
      <spirit:vendorExtensions>
        <xilinx:subCoreRef>
          <xilinx:componentRef xilinx:vendor="CSE" xilinx:library="CSE" xilinx:name="my_shift" xilinx:version="1.0">
            <xilinx:mode xilinx:name="create_mode"/>
          </xilinx:componentRef>
        </xilinx:subCoreRef>
      </spirit:vendorExtensions>
    </spirit:fileSet>
    <spirit:fileSet>
      <spirit:name>xilinx_anylanguagebehavioralsimulation_CSE_CSE_norgate_1_0__ref_view_fileset</spirit:name>
      <spirit:vendorExtensions>
        <xilinx:subCoreRef>
          <xilinx:componentRef xilinx:vendor="CSE" xilinx:library="CSE" xilinx:name="norgate" xilinx:version="1.0">
            <xilinx:mode xilinx:name="create_mode"/>
          </xilinx:componentRef>
        </xilinx:subCoreRef>
      </spirit:vendorExtensions>
    </spirit:fileSet>
    <spirit:fileSet>
      <spirit:name>xilinx_anylanguagebehavioralsimulation_CSE_CSE_orgate_1_0__ref_view_fileset</spirit:name>
      <spirit:vendorExtensions>
        <xilinx:subCoreRef>
          <xilinx:componentRef xilinx:vendor="CSE" xilinx:library="CSE" xilinx:name="orgate" xilinx:version="1.0">
            <xilinx:mode xilinx:name="create_mode"/>
          </xilinx:componentRef>
        </xilinx:subCoreRef>
      </spirit:vendorExtensions>
    </spirit:fileSet>
    <spirit:fileSet>
      <spirit:name>xilinx_anylanguagebehavioralsimulation_CSE_CSE_xorgate_1_0__ref_view_fileset</spirit:name>
      <spirit:vendorExtensions>
        <xilinx:subCoreRef>
          <xilinx:componentRef xilinx:vendor="CSE" xilinx:library="CSE" xilinx:name="xorgate" xilinx:version="1.0">
            <xilinx:mode xilinx:name="create_mode"/>
          </xilinx:componentRef>
        </xilinx:subCoreRef>
      </spirit:vendorExtensions>
    </spirit:fileSet>
    <spirit:fileSet>
      <spirit:name>xilinx_xpgui_view_fileset</spirit:name>
      <spirit:file>
        <spirit:name>xgui/alu_bd_v1_0.tcl</spirit:name>
        <spirit:fileType>tclSource</spirit:fileType>
        <spirit:userFileType>CHECKSUM_f92e9879</spirit:userFileType>
        <spirit:userFileType>XGUI_VERSION_2</spirit:userFileType>
      </spirit:file>
    </spirit:fileSet>
  </spirit:fileSets>
  <spirit:description>alu_bd_v1_0</spirit:description>
  <spirit:parameters>
    <spirit:parameter>
      <spirit:name>Component_Name</spirit:name>
      <spirit:value spirit:resolve="user" spirit:id="PARAM_VALUE.Component_Name" spirit:order="1">alu_bd_v1_0</spirit:value>
    </spirit:parameter>
  </spirit:parameters>
  <spirit:vendorExtensions>
    <xilinx:coreExtensions>
      <xilinx:supportedFamilies>
        <xilinx:family xilinx:lifeCycle="Production">artix7</xilinx:family>
        <xilinx:family xilinx:lifeCycle="Beta">artix7l</xilinx:family>
        <xilinx:family xilinx:lifeCycle="Beta">virtexuplus</xilinx:family>
        <xilinx:family xilinx:lifeCycle="Beta">qvirtex7</xilinx:family>
        <xilinx:family xilinx:lifeCycle="Beta">virtex7</xilinx:family>
        <xilinx:family xilinx:lifeCycle="Beta">qartix7</xilinx:family>
        <xilinx:family xilinx:lifeCycle="Beta">qkintex7</xilinx:family>
        <xilinx:family xilinx:lifeCycle="Beta">azynq</xilinx:family>
        <xilinx:family xilinx:lifeCycle="Beta">kintex7l</xilinx:family>
        <xilinx:family xilinx:lifeCycle="Beta">qzynq</xilinx:family>
        <xilinx:family xilinx:lifeCycle="Beta">qkintex7l</xilinx:family>
        <xilinx:family xilinx:lifeCycle="Beta">aartix7</xilinx:family>
        <xilinx:family xilinx:lifeCycle="Beta">kintexu</xilinx:family>
        <xilinx:family xilinx:lifeCycle="Beta">virtexu</xilinx:family>
        <xilinx:family xilinx:lifeCycle="Beta">kintex7</xilinx:family>
        <xilinx:family xilinx:lifeCycle="Beta">kintexuplus</xilinx:family>
        <xilinx:family xilinx:lifeCycle="Beta">zynquplus</xilinx:family>
        <xilinx:family xilinx:lifeCycle="Beta">zynq</xilinx:family>
      </xilinx:supportedFamilies>
      <xilinx:taxonomies>
        <xilinx:taxonomy>/CSEIP</xilinx:taxonomy>
      </xilinx:taxonomies>
      <xilinx:displayName>alu_bd_v1_0</xilinx:displayName>
      <xilinx:definitionSource>IPI</xilinx:definitionSource>
      <xilinx:coreRevision>2</xilinx:coreRevision>
      <xilinx:coreCreationDateTime>2016-12-13T11:28:07Z</xilinx:coreCreationDateTime>
      <xilinx:tags>
        <xilinx:tag xilinx:name="CSE:CSE:alu_bd:1.0_ARCHIVE_LOCATION">/home/corvo/Learning/verilog/CourseSubmit/IPModule/CPU-Core/alu_bd</xilinx:tag>
      </xilinx:tags>
    </xilinx:coreExtensions>
    <xilinx:packagingInfo>
      <xilinx:xilinxVersion>2016.2</xilinx:xilinxVersion>
      <xilinx:checksum xilinx:scope="fileGroups" xilinx:value="92ceefca"/>
      <xilinx:checksum xilinx:scope="ports" xilinx:value="46834d9e"/>
      <xilinx:checksum xilinx:scope="parameters" xilinx:value="45bd42b4"/>
    </xilinx:packagingInfo>
  </spirit:vendorExtensions>
</spirit:component>
